"","taxa_id","W","detected_0.9","detected_0.8","detected_0.7","detected_0.6","Domain","Phylum","Order","Class","Family","Genus"
"1","Otu00001",0,FALSE,FALSE,FALSE,FALSE,"Bacteria","Proteobacteria","Gammaproteobacteria","Oceanospirillales","Endozoicomonadaceae","Endozoicomonas"
"2","Otu00002",0,FALSE,FALSE,FALSE,FALSE,"Bacteria","Proteobacteria","Gammaproteobacteria","Oceanospirillales","Endozoicomonadaceae","Endozoicomonas"
"3","Otu00004",0,FALSE,FALSE,FALSE,FALSE,"Bacteria","Proteobacteria","Deltaproteobacteria","Myxococcales","P3OB-42","P3OB-42_ge"
"4","Otu00006",0,FALSE,FALSE,FALSE,FALSE,"Bacteria","Proteobacteria","Gammaproteobacteria","Oceanospirillales","Endozoicomonadaceae","Endozoicomonas"
"5","Otu00013",0,FALSE,FALSE,FALSE,FALSE,"Bacteria","Proteobacteria","Deltaproteobacteria","Myxococcales","P3OB-42","P3OB-42_ge"
"6","Otu00015",0,FALSE,FALSE,FALSE,FALSE,"Bacteria","Cyanobacteria","Oxyphotobacteria","Phormidesmiales","Nodosilineaceae","MBIC10086"
"7","Otu00019",0,FALSE,FALSE,FALSE,FALSE,"Bacteria","Cyanobacteria","Oxyphotobacteria","Synechococcales","Cyanobiaceae","Synechococcus_CC9902"
"8","Otu00025",0,FALSE,FALSE,FALSE,FALSE,"Bacteria","Proteobacteria","Alphaproteobacteria","Rhodobacterales","Rhodobacteraceae","Ruegeria"
"9","Otu00031",141,FALSE,FALSE,TRUE,TRUE,"Bacteria","Proteobacteria","Gammaproteobacteria","Oceanospirillales","Endozoicomonadaceae","Endozoicomonas"
"10","Otu00048",97,FALSE,FALSE,FALSE,FALSE,"Bacteria","Cyanobacteria","Oxyphotobacteria","Oxyphotobacteria_unclassified","Oxyphotobacteria_unclassified","Oxyphotobacteria_unclassified"
"11","Otu00055",0,FALSE,FALSE,FALSE,FALSE,"Bacteria","Proteobacteria","Gammaproteobacteria","Alteromonadales","Pseudoalteromonadaceae","Algicola"
"12","Otu00062",0,FALSE,FALSE,FALSE,FALSE,"Bacteria","Proteobacteria","Gammaproteobacteria","Alteromonadales","Alteromonadaceae","Alteromonas"
"13","Otu00068",0,FALSE,FALSE,FALSE,FALSE,"Bacteria","Proteobacteria","Alphaproteobacteria","Alphaproteobacteria_unclassified","Alphaproteobacteria_unclassified","Alphaproteobacteria_unclassified"
"14","Otu00072",0,FALSE,FALSE,FALSE,FALSE,"Bacteria","Proteobacteria","Alphaproteobacteria","Kordiimonadales","Kordiimonadales_Incertae_Sedis","Eilatimonas"
"15","Otu00073",0,FALSE,FALSE,FALSE,FALSE,"Bacteria","Proteobacteria","Alphaproteobacteria","Rhodobacterales","Rhodobacteraceae","Rhodobacteraceae_unclassified"
"16","Otu00074",0,FALSE,FALSE,FALSE,FALSE,"Bacteria","Proteobacteria","Alphaproteobacteria","Rhodobacterales","Rhodobacteraceae","Shimia"
"17","Otu00078",0,FALSE,FALSE,FALSE,FALSE,"Bacteria","Proteobacteria","Gammaproteobacteria","Oceanospirillales","Endozoicomonadaceae","Endozoicomonas"
"18","Otu00080",0,FALSE,FALSE,FALSE,FALSE,"Bacteria","Proteobacteria","Gammaproteobacteria","Alteromonadales","Pseudoalteromonadaceae","Pseudoalteromonas"
"19","Otu00084",0,FALSE,FALSE,FALSE,FALSE,"Bacteria","Proteobacteria","Alphaproteobacteria","Rhodospirillales","Thalassospiraceae","Thalassospira"
"20","Otu00090",0,FALSE,FALSE,FALSE,FALSE,"Bacteria","Actinobacteria","Actinobacteria","Micrococcales","Micrococcaceae","Paeniglutamicibacter"
"21","Otu00091",0,FALSE,FALSE,FALSE,FALSE,"Bacteria","Actinobacteria","Actinobacteria","Micrococcales","Micrococcaceae","Arthrobacter"
"22","Otu00092",0,FALSE,FALSE,FALSE,FALSE,"Bacteria","Proteobacteria","Deltaproteobacteria","Myxococcales","Nannocystaceae","uncultured"
"23","Otu00096",0,FALSE,FALSE,FALSE,FALSE,"Bacteria","Proteobacteria","Alphaproteobacteria","Rhodobacterales","Rhodobacteraceae","Rhodobacteraceae_unclassified"
"24","Otu00097",0,FALSE,FALSE,FALSE,FALSE,"Bacteria","Proteobacteria","Gammaproteobacteria","Oceanospirillales","Endozoicomonadaceae","Endozoicomonas"
"25","Otu00101",0,FALSE,FALSE,FALSE,FALSE,"Bacteria","Proteobacteria","Gammaproteobacteria","Alteromonadales","Alteromonadales_unclassified","Alteromonadales_unclassified"
"26","Otu00102",0,FALSE,FALSE,FALSE,FALSE,"Bacteria","Proteobacteria","Gammaproteobacteria","Alteromonadales","Pseudoalteromonadaceae","Pseudoalteromonas"
"27","Otu00104",0,FALSE,FALSE,FALSE,FALSE,"Bacteria","Proteobacteria","Alphaproteobacteria","Caulobacterales","Hyphomonadaceae","Hyphomonadaceae_unclassified"
"28","Otu00105",0,FALSE,FALSE,FALSE,FALSE,"Bacteria","Proteobacteria","Deltaproteobacteria","Myxococcales","BIrii41","BIrii41_ge"
"29","Otu00109",0,FALSE,FALSE,FALSE,FALSE,"Bacteria","Proteobacteria","Gammaproteobacteria","Oceanospirillales","Endozoicomonadaceae","Endozoicomonas"
"30","Otu00114",0,FALSE,FALSE,FALSE,FALSE,"Bacteria","Proteobacteria","Alphaproteobacteria","Rhodobacterales","Rhodobacteraceae","Thalassobius"
"31","Otu00115",0,FALSE,FALSE,FALSE,FALSE,"Bacteria","Actinobacteria","Acidimicrobiia","Actinomarinales","Actinomarinaceae","Candidatus_Actinomarina"
"32","Otu00127",0,FALSE,FALSE,FALSE,FALSE,"Bacteria","Proteobacteria","Alphaproteobacteria","Caulobacterales","Hyphomonadaceae","Hyphomonadaceae_unclassified"
"33","Otu00139",0,FALSE,FALSE,FALSE,FALSE,"Bacteria","Bacteroidetes","Bacteroidia","Cytophagales","Cyclobacteriaceae","uncultured"
"34","Otu00141",0,FALSE,FALSE,FALSE,FALSE,"Bacteria","Bacteroidetes","Bacteroidia","Flavobacteriales","Flavobacteriaceae","Muricauda"
"35","Otu00142",0,FALSE,FALSE,FALSE,FALSE,"Bacteria","Proteobacteria","Alphaproteobacteria","Rhodospirillales","AEGEAN-169_marine_group","AEGEAN-169_marine_group_ge"
"36","Otu00151",0,FALSE,FALSE,FALSE,FALSE,"Bacteria","Firmicutes","Bacilli","Bacillales","Staphylococcaceae","Staphylococcus"
"37","Otu00155",0,FALSE,FALSE,FALSE,FALSE,"Bacteria","Proteobacteria","Alphaproteobacteria","Caulobacterales","Hyphomonadaceae","uncultured"
"38","Otu00156",0,FALSE,FALSE,FALSE,FALSE,"Bacteria","Bacteroidetes","Bacteroidia","Chitinophagales","Saprospiraceae","uncultured"
"39","Otu00163",0,FALSE,FALSE,FALSE,FALSE,"Bacteria","Proteobacteria","Alphaproteobacteria","SAR11_clade","Clade_I","Clade_Ia"
"40","Otu00174",1,FALSE,FALSE,FALSE,FALSE,"Bacteria","Proteobacteria","Gammaproteobacteria","Oceanospirillales","Nitrincolaceae","Neptuniibacter"
"41","Otu00179",0,FALSE,FALSE,FALSE,FALSE,"Bacteria","Proteobacteria","Gammaproteobacteria","Gammaproteobacteria_unclassified","Gammaproteobacteria_unclassified","Gammaproteobacteria_unclassified"
"42","Otu00193",0,FALSE,FALSE,FALSE,FALSE,"Bacteria","Firmicutes","Bacilli","Bacillales","Staphylococcaceae","Staphylococcus"
"43","Otu00196",0,FALSE,FALSE,FALSE,FALSE,"Bacteria","Proteobacteria","Gammaproteobacteria","Cellvibrionales","Cellvibrionaceae","Cellvibrionaceae_unclassified"
"44","Otu00202",0,FALSE,FALSE,FALSE,FALSE,"Bacteria","Proteobacteria","Gammaproteobacteria","Oceanospirillales","Endozoicomonadaceae","Endozoicomonas"
"45","Otu00203",0,FALSE,FALSE,FALSE,FALSE,"Bacteria","Proteobacteria","Gammaproteobacteria","Gammaproteobacteria_unclassified","Gammaproteobacteria_unclassified","Gammaproteobacteria_unclassified"
"46","Otu00208",0,FALSE,FALSE,FALSE,FALSE,"Bacteria","Proteobacteria","Gammaproteobacteria","Alteromonadales","Colwelliaceae","Thalassotalea"
"47","Otu00219",0,FALSE,FALSE,FALSE,FALSE,"Bacteria","Proteobacteria","Gammaproteobacteria","Oceanospirillales","Endozoicomonadaceae","Endozoicomonas"
"48","Otu00222",0,FALSE,FALSE,FALSE,FALSE,"Bacteria","Proteobacteria","Gammaproteobacteria","Alteromonadales","Colwelliaceae","Thalassotalea"
"49","Otu00224",0,FALSE,FALSE,FALSE,FALSE,"Bacteria","Proteobacteria","Gammaproteobacteria","SAR86_clade","SAR86_clade_fa","SAR86_clade_ge"
"50","Otu00226",0,FALSE,FALSE,FALSE,FALSE,"Bacteria","Proteobacteria","Gammaproteobacteria","Gammaproteobacteria_unclassified","Gammaproteobacteria_unclassified","Gammaproteobacteria_unclassified"
"51","Otu00228",0,FALSE,FALSE,FALSE,FALSE,"Bacteria","Bacteroidetes","Bacteroidia","Flavobacteriales","Flavobacteriaceae","Dokdonia"
"52","Otu00231",0,FALSE,FALSE,FALSE,FALSE,"Bacteria","Proteobacteria","Alphaproteobacteria","SAR11_clade","Clade_I","Clade_Ia"
"53","Otu00234",0,FALSE,FALSE,FALSE,FALSE,"Bacteria","Proteobacteria","Alphaproteobacteria","Rhizobiales","Rhizobiaceae","uncultured"
"54","Otu00239",0,FALSE,FALSE,FALSE,FALSE,"Bacteria","Bacteroidetes","Bacteroidia","Chitinophagales","Saprospiraceae","Saprospiraceae_unclassified"
"55","Otu00240",0,FALSE,FALSE,FALSE,FALSE,"Bacteria","Proteobacteria","Alphaproteobacteria","Rhodobacterales","Rhodobacteraceae","Rhodobacteraceae_unclassified"
"56","Otu00241",0,FALSE,FALSE,FALSE,FALSE,"Bacteria","Proteobacteria","Alphaproteobacteria","Rhizobiales","Rhizobiaceae","uncultured"
"57","Otu00244",0,FALSE,FALSE,FALSE,FALSE,"Bacteria","Proteobacteria","Alphaproteobacteria","SAR11_clade","Clade_I","Clade_Ia"
"58","Otu00247",0,FALSE,FALSE,FALSE,FALSE,"Bacteria","Proteobacteria","Alphaproteobacteria","Caulobacterales","Hyphomonadaceae","uncultured"
"59","Otu00260",0,FALSE,FALSE,FALSE,FALSE,"Bacteria","Bacteroidetes","Bacteroidia","Flavobacteriales","Flavobacteriaceae","Muricauda"
"60","Otu00263",0,FALSE,FALSE,FALSE,FALSE,"Bacteria","Bacteroidetes","Bacteroidia","Flavobacteriales","Flavobacteriaceae","Polaribacter_4"
"61","Otu00274",0,FALSE,FALSE,FALSE,FALSE,"Bacteria","Planctomycetes","Planctomycetacia","Pirellulales","Pirellulaceae","Blastopirellula"
"62","Otu00285",0,FALSE,FALSE,FALSE,FALSE,"Bacteria","Proteobacteria","Gammaproteobacteria","Betaproteobacteriales","Methylophilaceae","Methylotenera"
"63","Otu00292",0,FALSE,FALSE,FALSE,FALSE,"Bacteria","Proteobacteria","Alphaproteobacteria","Rhodobacterales","Rhodobacteraceae","Silicimonas"
"64","Otu00299",0,FALSE,FALSE,FALSE,FALSE,"Bacteria","Bacteroidetes","Bacteroidia","Flavobacteriales","Flavobacteriaceae","Aquimarina"
"65","Otu00302",0,FALSE,FALSE,FALSE,FALSE,"Bacteria","Actinobacteria","Acidimicrobiia","Microtrichales","Microtrichaceae","Sva0996_marine_group"
"66","Otu00312",0,FALSE,FALSE,FALSE,FALSE,"Bacteria","Proteobacteria","Alphaproteobacteria","Rhodobacterales","Rhodobacteraceae","Tropicibacter"
"67","Otu00313",0,FALSE,FALSE,FALSE,FALSE,"Bacteria","Proteobacteria","Gammaproteobacteria","Oceanospirillales","Endozoicomonadaceae","Endozoicomonas"
"68","Otu00326",0,FALSE,FALSE,FALSE,FALSE,"Bacteria","Proteobacteria","Gammaproteobacteria","Alteromonadales","Alteromonadaceae","Aestuariibacter"
"69","Otu00341",0,FALSE,FALSE,FALSE,FALSE,"Bacteria","Proteobacteria","Alphaproteobacteria","SAR11_clade","Clade_II","Clade_II_ge"
"70","Otu00347",0,FALSE,FALSE,FALSE,FALSE,"Bacteria","Bacteria_unclassified","Bacteria_unclassified","Bacteria_unclassified","Bacteria_unclassified","Bacteria_unclassified"
"71","Otu00353",0,FALSE,FALSE,FALSE,FALSE,"Bacteria","Proteobacteria","Gammaproteobacteria","Gammaproteobacteria_Incertae_Sedis","Unknown_Family","Unknown_Family_unclassified"
"72","Otu00359",0,FALSE,FALSE,FALSE,FALSE,"Bacteria","Bacteroidetes","Bacteroidia","Chitinophagales","Saprospiraceae","uncultured"
"73","Otu00362",0,FALSE,FALSE,FALSE,FALSE,"Bacteria","Proteobacteria","Alphaproteobacteria","Rhodobacterales","Rhodobacteraceae","Shimia"
"74","Otu00376",0,FALSE,FALSE,FALSE,FALSE,"Bacteria","Bacteroidetes","Bacteroidia","Flavobacteriales","Flavobacteriaceae","Tenacibaculum"
"75","Otu00378",0,FALSE,FALSE,FALSE,FALSE,"Bacteria","Firmicutes","Clostridia","Clostridiales","Lachnospiraceae","Lachnospiraceae_unclassified"
"76","Otu00380",0,FALSE,FALSE,FALSE,FALSE,"Bacteria","Bacteroidetes","Bacteroidia","Cytophagales","Cyclobacteriaceae","Fabibacter"
"77","Otu00385",0,FALSE,FALSE,FALSE,FALSE,"Bacteria","Proteobacteria","Deltaproteobacteria","Myxococcales","BIrii41","BIrii41_ge"
"78","Otu00404",0,FALSE,FALSE,FALSE,FALSE,"Bacteria","Actinobacteria","Actinobacteria","Propionibacteriales","Propionibacteriaceae","Cutibacterium"
"79","Otu00408",0,FALSE,FALSE,FALSE,FALSE,"Bacteria","Proteobacteria","Alphaproteobacteria","Caulobacterales","Hyphomonadaceae","Hyphomonadaceae_unclassified"
"80","Otu00411",0,FALSE,FALSE,FALSE,FALSE,"Bacteria","Proteobacteria","Alphaproteobacteria","Micavibrionales","Micavibrionaceae","uncultured"
"81","Otu00412",0,FALSE,FALSE,FALSE,FALSE,"Bacteria","Proteobacteria","Alphaproteobacteria","Parvibaculales","PS1_clade","PS1_clade_ge"
"82","Otu00417",0,FALSE,FALSE,FALSE,FALSE,"Bacteria","Proteobacteria","Gammaproteobacteria","Cellvibrionales","Spongiibacteraceae","Spongiibacteraceae_unclassified"
"83","Otu00418",0,FALSE,FALSE,FALSE,FALSE,"Bacteria","Bacteroidetes","Bacteroidia","Chitinophagales","Saprospiraceae","Lewinella"
"84","Otu00421",0,FALSE,FALSE,FALSE,FALSE,"Bacteria","Planctomycetes","Planctomycetacia","Pirellulales","Pirellulaceae","Pir4_lineage"
"85","Otu00430",0,FALSE,FALSE,FALSE,FALSE,"Bacteria","Proteobacteria","Gammaproteobacteria","Gammaproteobacteria_unclassified","Gammaproteobacteria_unclassified","Gammaproteobacteria_unclassified"
"86","Otu00438",34,FALSE,FALSE,FALSE,FALSE,"Bacteria","Proteobacteria","Gammaproteobacteria","Alteromonadales","Pseudoalteromonadaceae","Pseudoalteromonas"
"87","Otu00449",0,FALSE,FALSE,FALSE,FALSE,"Bacteria","Bacteroidetes","Bacteroidia","Flavobacteriales","Cryomorphaceae","Cryomorpha"
"88","Otu00452",0,FALSE,FALSE,FALSE,FALSE,"Bacteria","Bacteroidetes","Bacteroidia","Chitinophagales","Saprospiraceae","uncultured"
"89","Otu00473",0,FALSE,FALSE,FALSE,FALSE,"Bacteria","Bacteroidetes","Bacteroidia","Cytophagales","Cyclobacteriaceae","Reichenbachiella"
"90","Otu00476",0,FALSE,FALSE,FALSE,FALSE,"Bacteria","Proteobacteria","Alphaproteobacteria","Caulobacterales","Hyphomonadaceae","Hyphomonadaceae_unclassified"
"91","Otu00484",0,FALSE,FALSE,FALSE,FALSE,"Bacteria","Proteobacteria","Gammaproteobacteria","Betaproteobacteriales","Burkholderiaceae","Cupriavidus"
"92","Otu00486",0,FALSE,FALSE,FALSE,FALSE,"Bacteria","Proteobacteria","Gammaproteobacteria","Gammaproteobacteria_unclassified","Gammaproteobacteria_unclassified","Gammaproteobacteria_unclassified"
"93","Otu00496",0,FALSE,FALSE,FALSE,FALSE,"Bacteria","Proteobacteria","Alphaproteobacteria","Sphingomonadales","Sphingomonadaceae","Erythrobacter"
"94","Otu00501",0,FALSE,FALSE,FALSE,FALSE,"Bacteria","Proteobacteria","Alphaproteobacteria","Caulobacterales","Parvularculaceae","Parvularculaceae_unclassified"
"95","Otu00504",0,FALSE,FALSE,FALSE,FALSE,"Bacteria","Proteobacteria","Alphaproteobacteria","Rhizobiales","Hyphomicrobiaceae","Filomicrobium"
"96","Otu00508",0,FALSE,FALSE,FALSE,FALSE,"Bacteria","Bacteroidetes","Bacteroidia","Flavobacteriales","Flavobacteriaceae","Muricauda"
"97","Otu00510",0,FALSE,FALSE,FALSE,FALSE,"Bacteria","Proteobacteria","Alphaproteobacteria","Rhizobiales","Rhizobiaceae","Pseudahrensia"
"98","Otu00514",0,FALSE,FALSE,FALSE,FALSE,"Bacteria","Proteobacteria","Alphaproteobacteria","Rhizobiales","Methyloligellaceae","Methyloceanibacter"
"99","Otu00522",0,FALSE,FALSE,FALSE,FALSE,"Bacteria","Proteobacteria","Alphaproteobacteria","Rhodobacterales","Rhodobacteraceae","Rhodobacteraceae_unclassified"
"100","Otu00527",0,FALSE,FALSE,FALSE,FALSE,"Bacteria","Planctomycetes","OM190","OM190_or","OM190_fa","OM190_ge"
"101","Otu00529",0,FALSE,FALSE,FALSE,FALSE,"Bacteria","Patescibacteria","Gracilibacteria","JGI_0000069-P22","JGI_0000069-P22_fa","JGI_0000069-P22_ge"
"102","Otu00530",0,FALSE,FALSE,FALSE,FALSE,"Bacteria","Proteobacteria","Gammaproteobacteria","Cellvibrionales","Cellvibrionaceae","uncultured"
"103","Otu00531",0,FALSE,FALSE,FALSE,FALSE,"Bacteria","Bacteroidetes","Bacteroidia","Flavobacteriales","Flavobacteriaceae","Psychroserpens"
"104","Otu00532",0,FALSE,FALSE,FALSE,FALSE,"Bacteria","Bacteroidetes","Bacteroidia","Cytophagales","Cyclobacteriaceae","Marinoscillum"
"105","Otu00539",0,FALSE,FALSE,FALSE,FALSE,"Bacteria","Proteobacteria","Alphaproteobacteria","Rhodobacterales","Rhodobacteraceae","Dinoroseobacter"
"106","Otu00540",0,FALSE,FALSE,FALSE,FALSE,"Bacteria","Proteobacteria","Gammaproteobacteria","Alteromonadales","Alteromonadaceae","Alteromonadaceae_unclassified"
"107","Otu00541",0,FALSE,FALSE,FALSE,FALSE,"Bacteria","Bacteroidetes","Bacteroidia","Flavobacteriales","Flavobacteriaceae","Aurantivirga"
"108","Otu00547",0,FALSE,FALSE,FALSE,FALSE,"Bacteria","Bacteroidetes","Bacteroidia","Bacteroidia_unclassified","Bacteroidia_unclassified","Bacteroidia_unclassified"
"109","Otu00554",0,FALSE,FALSE,FALSE,FALSE,"Bacteria","Proteobacteria","Alphaproteobacteria","Rhodobacterales","Rhodobacteraceae","Rhodobacteraceae_unclassified"
"110","Otu00564",0,FALSE,FALSE,FALSE,FALSE,"Bacteria","Proteobacteria","Alphaproteobacteria","Rhodobacterales","Rhodobacteraceae","Rhodobacteraceae_unclassified"
"111","Otu00571",0,FALSE,FALSE,FALSE,FALSE,"Bacteria","Epsilonbacteraeota","Campylobacteria","Campylobacterales","Arcobacteraceae","Arcobacter"
"112","Otu00594",0,FALSE,FALSE,FALSE,FALSE,"Bacteria","Proteobacteria","Alphaproteobacteria","Rhodospirillales","Magnetospiraceae","Magnetospira"
"113","Otu00603",0,FALSE,FALSE,FALSE,FALSE,"Bacteria","Bacteroidetes","Bacteroidia","Flavobacteriales","Flavobacteriaceae","Kordia"
"114","Otu00605",0,FALSE,FALSE,FALSE,FALSE,"Bacteria","Bacteroidetes","Bacteroidia","Flavobacteriales","Flavobacteriaceae","Maribacter"
"115","Otu00608",0,FALSE,FALSE,FALSE,FALSE,"Bacteria","Bacteroidetes","Bacteroidia","Flavobacteriales","Flavobacteriaceae","NS5_marine_group"
"116","Otu00610",0,FALSE,FALSE,FALSE,FALSE,"Bacteria","Bacteroidetes","Bacteroidia","Chitinophagales","Saprospiraceae","Lewinella"
"117","Otu00622",0,FALSE,FALSE,FALSE,FALSE,"Bacteria","Proteobacteria","Gammaproteobacteria","Alteromonadales","Colwelliaceae","Thalassotalea"
"118","Otu00631",0,FALSE,FALSE,FALSE,FALSE,"Bacteria","Proteobacteria","Deltaproteobacteria","Myxococcales","BIrii41","BIrii41_ge"
"119","Otu00646",0,FALSE,FALSE,FALSE,FALSE,"Bacteria","Bacteroidetes","Bacteroidia","Cytophagales","Cyclobacteriaceae","Reichenbachiella"
"120","Otu00653",0,FALSE,FALSE,FALSE,FALSE,"Bacteria","Actinobacteria","Actinobacteria","Corynebacteriales","Corynebacteriaceae","Corynebacterium_1"
"121","Otu00654",0,FALSE,FALSE,FALSE,FALSE,"Bacteria","Proteobacteria","Gammaproteobacteria","Betaproteobacteriales","Neisseriaceae","uncultured"
"122","Otu00658",0,FALSE,FALSE,FALSE,FALSE,"Bacteria","Bacteroidetes","Bacteroidia","Flavobacteriales","Flavobacteriaceae","Aureicoccus"
"123","Otu00678",0,FALSE,FALSE,FALSE,FALSE,"Bacteria","Proteobacteria","Gammaproteobacteria","Oceanospirillales","Endozoicomonadaceae","Endozoicomonas"
"124","Otu00695",0,FALSE,FALSE,FALSE,FALSE,"Bacteria","Proteobacteria","Gammaproteobacteria","Oceanospirillales","Saccharospirillaceae","Oleibacter"
"125","Otu00699",0,FALSE,FALSE,FALSE,FALSE,"Bacteria","Proteobacteria","Gammaproteobacteria","Cellvibrionales","Halieaceae","Parahaliea"
"126","Otu00704",0,FALSE,FALSE,FALSE,FALSE,"Bacteria","Planctomycetes","Planctomycetacia","Pirellulales","Pirellulaceae","Blastopirellula"
"127","Otu00708",0,FALSE,FALSE,FALSE,FALSE,"Bacteria","Proteobacteria","Gammaproteobacteria","Alteromonadales","Pseudoalteromonadaceae","Algicola"
"128","Otu00726",0,FALSE,FALSE,FALSE,FALSE,"Bacteria","Proteobacteria","Gammaproteobacteria","Alteromonadales","Alteromonadaceae","Aestuariibacter"
"129","Otu00731",0,FALSE,FALSE,FALSE,FALSE,"Bacteria","Bacteroidetes","Bacteroidia","Flavobacteriales","Cryomorphaceae","uncultured"
"130","Otu00737",0,FALSE,FALSE,FALSE,FALSE,"Bacteria","Bacteroidetes","Bacteroidia","Chitinophagales","Saprospiraceae","uncultured"
"131","Otu00745",0,FALSE,FALSE,FALSE,FALSE,"Bacteria","Proteobacteria","Gammaproteobacteria","Cellvibrionales","Halieaceae","Halieaceae_unclassified"
"132","Otu00767",0,FALSE,FALSE,FALSE,FALSE,"Bacteria","Proteobacteria","Gammaproteobacteria","Alteromonadales","Pseudoalteromonadaceae","Pseudoalteromonas"
"133","Otu00783",0,FALSE,FALSE,FALSE,FALSE,"Bacteria","Bacteroidetes","Bacteroidia","Cytophagales","Cyclobacteriaceae","uncultured"
"134","Otu00826",0,FALSE,FALSE,FALSE,FALSE,"Bacteria","Proteobacteria","Alphaproteobacteria","SAR11_clade","Clade_III","Clade_III_ge"
"135","Otu00837",0,FALSE,FALSE,FALSE,FALSE,"Bacteria","Proteobacteria","Gammaproteobacteria","Cellvibrionales","Cellvibrionaceae","Cellvibrionaceae_unclassified"
"136","Otu00845",0,FALSE,FALSE,FALSE,FALSE,"Bacteria","Bacteroidetes","Bacteroidia","Chitinophagales","uncultured","uncultured_ge"
"137","Otu00889",0,FALSE,FALSE,FALSE,FALSE,"Bacteria","Bacteroidetes","Bacteroidia","Chitinophagales","Saprospiraceae","uncultured"
"138","Otu00929",0,FALSE,FALSE,FALSE,FALSE,"Bacteria","Proteobacteria","Alphaproteobacteria","Micavibrionales","Micavibrionaceae","uncultured"
"139","Otu00931",0,FALSE,FALSE,FALSE,FALSE,"Bacteria","Proteobacteria","Alphaproteobacteria","Sphingomonadales","Sphingomonadaceae","Sphingorhabdus"
"140","Otu00952",0,FALSE,FALSE,FALSE,FALSE,"Bacteria","Proteobacteria","Alphaproteobacteria","Micavibrionales","Micavibrionaceae","uncultured"
"141","Otu00963",0,FALSE,FALSE,FALSE,FALSE,"Bacteria","Bacteria_unclassified","Bacteria_unclassified","Bacteria_unclassified","Bacteria_unclassified","Bacteria_unclassified"
"142","Otu00986",0,FALSE,FALSE,FALSE,FALSE,"Bacteria","Planctomycetes","OM190","OM190_or","OM190_fa","OM190_ge"
"143","Otu01014",0,FALSE,FALSE,FALSE,FALSE,"Bacteria","Cyanobacteria","Oxyphotobacteria","Oxyphotobacteria_unclassified","Oxyphotobacteria_unclassified","Oxyphotobacteria_unclassified"
"144","Otu01063",0,FALSE,FALSE,FALSE,FALSE,"Bacteria","Cyanobacteria","Oxyphotobacteria","Oxyphotobacteria_unclassified","Oxyphotobacteria_unclassified","Oxyphotobacteria_unclassified"
"145","Otu01065",0,FALSE,FALSE,FALSE,FALSE,"Bacteria","Planctomycetes","Planctomycetes_unclassified","Planctomycetes_unclassified","Planctomycetes_unclassified","Planctomycetes_unclassified"
"146","Otu01081",0,FALSE,FALSE,FALSE,FALSE,"Bacteria","Bacteroidetes","Bacteroidia","Flavobacteriales","Flavobacteriaceae","Gilvibacter"
"147","Otu01085",0,FALSE,FALSE,FALSE,FALSE,"Bacteria","Proteobacteria","Gammaproteobacteria","Gammaproteobacteria_unclassified","Gammaproteobacteria_unclassified","Gammaproteobacteria_unclassified"
"148","Otu01122",0,FALSE,FALSE,FALSE,FALSE,"Bacteria","Bacteroidetes","Bacteroidia","Cytophagales","Cyclobacteriaceae","Ekhidna"
"149","Otu01137",0,FALSE,FALSE,FALSE,FALSE,"Bacteria","Proteobacteria","Gammaproteobacteria","Gammaproteobacteria_unclassified","Gammaproteobacteria_unclassified","Gammaproteobacteria_unclassified"
"150","Otu01153",0,FALSE,FALSE,FALSE,FALSE,"Bacteria","Bacteroidetes","Bacteroidia","Flavobacteriales","Flavobacteriaceae","Winogradskyella"
"151","Otu01212",0,FALSE,FALSE,FALSE,FALSE,"Bacteria","Verrucomicrobia","Verrucomicrobiae","Verrucomicrobiales","Rubritaleaceae","Rubritalea"
"152","Otu01220",0,FALSE,FALSE,FALSE,FALSE,"Bacteria","Bacteroidetes","Bacteroidia","Cytophagales","Amoebophilaceae","uncultured"
"153","Otu01232",0,FALSE,FALSE,FALSE,FALSE,"Bacteria","Proteobacteria","Gammaproteobacteria","Cellvibrionales","Cellvibrionaceae","Marinagarivorans"
"154","Otu01233",0,FALSE,FALSE,FALSE,FALSE,"Bacteria","Proteobacteria","Gammaproteobacteria","Arenicellales","Arenicellaceae","Arenicella"
"155","Otu01268",0,FALSE,FALSE,FALSE,FALSE,"Bacteria","Bacteroidetes","Bacteroidia","Chitinophagales","Saprospiraceae","Saprospiraceae_unclassified"
"156","Otu01305",0,FALSE,FALSE,FALSE,FALSE,"Bacteria","Proteobacteria","Alphaproteobacteria","Rhizobiales","Rhizobiaceae","uncultured"
"157","Otu01317",0,FALSE,FALSE,FALSE,FALSE,"Bacteria","Proteobacteria","Gammaproteobacteria","Arenicellales","Arenicellaceae","Arenicella"
"158","Otu01348",0,FALSE,FALSE,FALSE,FALSE,"Bacteria","Proteobacteria","Alphaproteobacteria","Caulobacterales","Hyphomonadaceae","Hellea"
"159","Otu01435",0,FALSE,FALSE,FALSE,FALSE,"Bacteria","Proteobacteria","Gammaproteobacteria","Cellvibrionales","Halieaceae","Halioglobus"
"160","Otu01458",0,FALSE,FALSE,FALSE,FALSE,"Bacteria","Proteobacteria","Alphaproteobacteria","Caulobacterales","Caulobacteraceae","Brevundimonas"
"161","Otu01651",0,FALSE,FALSE,FALSE,FALSE,"Bacteria","Bacteroidetes","Bacteroidia","Cytophagales","Cyclobacteriaceae","Ekhidna"
"162","Otu01658",0,FALSE,FALSE,FALSE,FALSE,"Bacteria","Planctomycetes","Phycisphaerae","Phycisphaerales","Phycisphaeraceae","SM1A02"
"163","Otu01686",0,FALSE,FALSE,FALSE,FALSE,"Bacteria","Proteobacteria","Alphaproteobacteria","Rhodospirillales","Terasakiellaceae","uncultured"
"164","Otu01716",0,FALSE,FALSE,FALSE,FALSE,"Bacteria","Proteobacteria","Alphaproteobacteria","Sphingomonadales","Sphingomonadaceae","Erythrobacter"
"165","Otu01717",0,FALSE,FALSE,FALSE,FALSE,"Bacteria","Planctomycetes","OM190","OM190_or","OM190_fa","OM190_ge"
"166","Otu01758",0,FALSE,FALSE,FALSE,FALSE,"Bacteria","Bacteroidetes","Bacteroidia","Cytophagales","Cyclobacteriaceae","uncultured"
"167","Otu01825",0,FALSE,FALSE,FALSE,FALSE,"Bacteria","Proteobacteria","Gammaproteobacteria","Alteromonadales","Alteromonadaceae","Alteromonas"
"168","Otu01862",0,FALSE,FALSE,FALSE,FALSE,"Bacteria","Proteobacteria","Gammaproteobacteria","Gammaproteobacteria_unclassified","Gammaproteobacteria_unclassified","Gammaproteobacteria_unclassified"
"169","Otu01921",0,FALSE,FALSE,FALSE,FALSE,"Bacteria","Bacteroidetes","Bacteroidia","Chitinophagales","Saprospiraceae","uncultured"
"170","Otu02089",0,FALSE,FALSE,FALSE,FALSE,"Bacteria","Bacteroidetes","Bacteroidia","Flavobacteriales","Flavobacteriaceae","Salegentibacter"
"171","Otu02135",0,FALSE,FALSE,FALSE,FALSE,"Bacteria","Proteobacteria","Gammaproteobacteria","Betaproteobacteriales","Neisseriaceae","Neisseria"
"172","Otu02376",0,FALSE,FALSE,FALSE,FALSE,"Bacteria","Bacteroidetes","Bacteroidia","Flavobacteriales","Flavobacteriaceae","Gramella"
"173","Otu03197",0,FALSE,FALSE,FALSE,FALSE,"Bacteria","Proteobacteria","Alphaproteobacteria","Rhodobacterales","Rhodobacteraceae","Rhodobacteraceae_unclassified"
"174","Otu03648",0,FALSE,FALSE,FALSE,FALSE,"Bacteria","Proteobacteria","Gammaproteobacteria","Alteromonadales","Pseudoalteromonadaceae","Pseudoalteromonas"
"175","Otu03691",0,FALSE,FALSE,FALSE,FALSE,"Bacteria","Bacteria_unclassified","Bacteria_unclassified","Bacteria_unclassified","Bacteria_unclassified","Bacteria_unclassified"
"176","Otu03942",0,FALSE,FALSE,FALSE,FALSE,"Bacteria","Proteobacteria","Gammaproteobacteria","Gammaproteobacteria_Incertae_Sedis","Unknown_Family","Marinicella"
"177","Otu04934",0,FALSE,FALSE,FALSE,FALSE,"Bacteria","Bacteroidetes","Bacteroidia","Chitinophagales","Saprospiraceae","Lewinella"
"178","Otu06279",0,FALSE,FALSE,FALSE,FALSE,"Bacteria","Proteobacteria","Alphaproteobacteria","Caulobacterales","Hyphomonadaceae","Algimonas"
